Bananas grill. Hands down the best French fries and shawarma, 701
Can someone make this a Google map?, 70
Miss Cafe for lahmacun, 426
Redwing Cafe, 434
guguda, 351
Ton Kiang BBQ House in chinatown. Best roast duck / pork. killer beef chow fun. True hole in the wall, 477
Midnite Ramen food truck!, 404
Zouve, 458
Grouchy Chef, 719
Independent Pizzeria, 865
Raiz, 482
Samara, 565
Hoang Lan, 339
Canton Wonton House!, 223
My Friend Derek's (pizza), 565
Queen C¨¤ Ph¨º, 204
Waz, 342
84 Yesler, 292
Kezira Ethiopian, 49
Little Thai, 136
Dalat Quan White center, 323
Hoang Lan, 121
Tig Korean kitchen & bar in the university district. fairly close to Lake City! , 83
Pho Aroma (West Seattle), 149
Grill king Korean BBQ, 95
Fat Shack because they are open late., 104
Wa¡¯z, 77
West of Chicago Pizza, 188
Itsumono, 47
La Fontana Siciliana, 207
Omega Ouzeri, 257
The Fettuccine Tartufo at ** La Vita E Bella ** on 2nd in downtown is AMAZING.  I love Italian food!  , 92
Tianfu, 237
Honey Court - Cantonese food (closes 2-3am too so go to spot on late nights), 237
Viengthong right between south end/central district, 26
Jerk shack!!!, 154
Il Nido, 313
BBQ petes, 128
The Fisherman, 34
Totoda Sushi, 92
Matt's chilli dogs in Georgetown, 34
Healeo in the CD(ish?), 35
kogi tacos at Luckys pho in Fremont., 35
The Vet Chef food truck, 63
Ono poke in Edmonds, 59
Cook Weaver, 46
Raccalto, 174
Skalka, 107
Musang, 148
Mikes Noodle House, 65
Woodshop BBQ, 56
Kobuta & Ookami, 56
Johnny Mo's Pizza (Eastlake/U Bridge area), 53
Kabul Afghan Cuisine in Wallingford, 258
Secret savory, 146
Skylark cafe, 122
Jebena Ethiopian, 46
Othello Wok and Teriyaki (Delicious food. and very kind and friendly owners!), 46
Lupos, 41
Aviv Hummus Bar!, 233
S/L Hooligan, 41
I LOVED Wedgewood Thai II on broadway. I know they recently closed but they have a new location in Wallingford (I believe). 10/10 you MUST try the mango salad there. Even if you are not vegetarian. it is absolutely the best thai food you can get in Seattle, 108
The Corson Building, 33
Thaiku, 28
Single Shot, 55
Cafe Con Leche, 51
Muto Izakawa, 23
Loving hut, 62
La cabaa and the fat hen, 132
Tai Tung, 107
Tsukushinbo, 14
King Noodle, 42
Galaxy rune in Fremont , 54
Sichuanese Cuisine on jackson st, 67
BRO FATS CHICKEN AND WAFFLES HAS DELICIOUS ASS FOOD. Also the inside is just cute as fuck, 37
Noren., 49
Royal Grinders, 190
Sen Noodle Bar Ballard, 71
The Attic in Madison Park, 7
Wylde Cafe and, 11
Plum Bistro are favorites of mine, 11
Dinos tomato pie, 3
Yasukos, 3
Arashi ramen. Their spicy miso tonkatsu slaps so hard, 3
Sai sushi on mercer, 3
Just burger, 3
Aladdin¡¯s no cap, 3
Breezy Town Pizza!, 3
Tamari Bar & Rondo, 3
Ciudad in Georgetown is one of my favs. Might be the only place in Seattle I crave consistently., 3
Saigon Vietnam Deli, 3
Issian, 32
Pam¡¯s Kitchen in Wallingford, 32
Naan-n-curry, 184
Reckless Noodles, 192
Noi Thai-boyfriend used to live in the apartments in the same courtyard so we¡¯d go fairly often. The clay pot shrimp and noodles are SO good. , 63
La Rustica, 165
Eden Hill. Special occasion cost. but amazing experience, 43
Kao Kao (retro Seattle)., 28
Sichuanese., 28
Dim Sum King. and, 28
Tai Tung (retro Seattle), 28
Single Shot, 87
Communion, 74
Pasta pomodoro. gotta read the history of the chef¡ª there¡¯s a bio in the first page of the menu. Most if not all of the ingredients are handcrafted including the olive oil!, 21
Ku Sushi and Izakaya (Udistrict), 32
House of Hong in the ID. Best dim sum I've had., 49
Bent Burgers in Seward Park! Great burgers. and tots!, 10
Cafe Zum Zum, 19
Kimchi house in Ballard. Hella good bibimbap!, 21
Jackalope in Columbia City, 37
Kwanjai Thai in Fremont., 29
Di fiora or the street hot dog  vendors , 31
Sawyer, 87
HUCKLEBERRY SQUARE IN BURIEN, 23
Sushi Kashiba, 24
Barolo, 140
Island soul, 32
Dragonfish, 53
Osteria La Spiga, 28
Pecos Pit! Hope they are still around!, 24
Rn its Reckless Noodle, 68
Herb + bitters public house, 82
Bateau, 101
Bangrak Market, 101
Maneki. Highly surprising to *not* see this restaurant mentioned yet as it's one of the oldest in the city., 36
Kedai Makan, 109
Sunny teriyaki Ballard, 27
Musang, 30
Wally's Chowder House.... in Des Moines but close enough, 63
Cafe Munir, 8
Homer is my favorite restaurant in the world right now. So good., 6
Dolar Shop, 4
Mioposto, 6
Dish in Ballard/Fremont. Not sure exactly what side of the line its on., 43
Le Coin, 59
Mojito!!!! A hidden neighborhood gem. everything on the menu is fabulous., 22
Meet the moon (brunch place), 23
Le Pichet, 13
Cascina Spinasse, 84
Judy Foo's for sure if you want Chinese., 42
Aqua, 9
Northlake Pizza and Tavern, 20
Cafe Lago, 19
Fats Chicken & Waffles, 19
Asadero Prime the bestest!, 19
India Bistro, 40
Moto. West Seattle. Detroit style pizza. looks like the house from Up., 15
Tem Sib in Bellevue , 13
Endolyne Joe¡¯s in Fauntleroy , 13
El Gaucho in Bellevue, 13
La Rustica in Alki, 13
Cactus in Alki, 13
Qin Xi'an Noodles, 32
Loretta's, 6
Sisters and brothers, 20
Copine, 23
The Whale Wins, 68
FOOD TRUCKS AND PHO PLACES IN WHITE CENTER, 11
Tup Tim Thai in Queen Anne used to be my favorite. Since that closed I would have to say: Cafe Turko under the Aurora Bridge in Fremont., 12
Ciudad, 14
The Good Bar, 3
Royal Everest in Burien. Almost all other Indian in the region is subpar., 4
Went thru all the comments and I'm hella disappointed that not a single person gave a shout out to Kauai Family Restaurant in Georgetown, 6
Pi Vegan Pizzeria!, 4
Smokestack Lightning BBQ, 3
Safari Restaurant in Columbia City, 4
Ristorante picolinos, 4
Noodle Nation. U district, 4
Mojitos - they're in lake city. amazing food and atmosphere. Check em out!, 25
The Butchers Table, 43
Layers., 2
Salvadorean bakery in WC, 16
Harbor city., 11
Meet Korean BBQ, 15
Spinasse., 15
Pudges pizza on 45th, 25
TNT Taqueria, 43
Fats Chicken & Waffles, 4
As a Pittsburgher who¡¯s never been to seattle. I get to upvote everything!, 17
Ghostfish Brewery. They make everything gluten free; food. beer. and the best carrot cake ever!, 7
Seattle Fish Guys, 21
Buddha Bruddah, 16
Windy City Pie!, 16
Cedars on Brooklyn & 47th (u district), 15
Rock Creek, 25
Stateside, 12
Araya's, 16
Lark!, 10
Stateside, 9
Cafe Presse. Not there anymore. but I was in love once., 19
Cookie's Country Chicken. Hands down the best fried chicken I've had in Seattle. And they don't mess around with their heat!, 5
Kona Kitchen, 20
Gracia in Ballard and Pegasus in West Seattle., 8
Wedgewood Broiler for a trip down Memory Lane., 8
The Carlile Room., 17
Betsutenjin in Cap Hill, 7
Tai Tung international district, 7
Rocco¡¯s, 7
Sawyer, 9
Chinooks, 17
Matt's at the market.  If I am in Seattle I am very likely to have a Catfish sandwich for lunch., 12
Dumpling The Noodle! Sooo good., 9
Angelos in Burien or el Guacho, 1
Kastoori Grill in the market. Skip the lunch buffet but we¡¯ve never had anything there that was bad. So yum., 3
fog¨®n in cap hill for the nachos!!, 3
Jacks BBQ in SoDo (haven¡¯t been to the other locations but just love this one), 18
Does Lake Forest Park count? If so. then Everest Kitchen., 7
Menya Musashi Tsukemen & Ramen, 11
Tat¡¯s serves the closest east coast style subs and sandwiches., 12
Pho Viet Anh is my favorite Pho spot within the downtown area., 12
Boca Restobar has the best steak at the best price point., 12
Damn the Weather, 11
Not a chance i am making my favorite places more of a hassle to get into. I do really like Maharaja over in west Seattle though., 18
Joule, 15
Izumi (sushi), 4
El Chupacabra!, 5
Plum Bistro is phenomenal vegan food!, 9
Sushi Kappo Tamura. in Eastlake!, 7
Citizen Cafe, 6
Musashi's on 45th St, 15
We have eaten at Saffron every week for years (since they opened). The BEST!, 7
Bad Albert¡¯s or Skl., 7
Flint Creek & Cattle, 11
Saffron grill, 10
Tamarind tree, 5
Georgetown liquor company, 8
John Howie (if Bellevue counts), 9
Butcher's Table, 5
Shultzys wursts, 3
Jewel of India, 7
Cafe Besalu, 6
Queen Sheba. Injera bread is a magical food, 6
Tacos chukis, 3
Momiji., 8
Nue, 4
MKT, 6
Fogon Cocina (cap hill) if you want the best Mexican food and the STRONGEST margaritas, 5
Hattie's Hat, -2
Pacific Inn: (Fish and Chips/ Fish Sandwich), 4
Palisade, 3
Walrus and the Carpenter, 0
Canlis, 3
Bongos green lake, 5
Tamari Bar is high on my list., 1
The Carlile Room, 2
Rocco¡¯s, 1
LUNA PARK CAFE !!, 4
San Fermo. Italian in Ballard. Simply the best., 3
Local tide in Fremont. Best albacore tuna sandwich I¡¯ve ever had. never even think about ordering anything else, 2
Triangle in Fremont has the best chicken sandwich I¡¯ve ever had., 2
The Shambles in Maple Leaf! Used to be a full-on restaurant. almost went under during COVID. now a set-menu steakhouse and bar. Pricey. but INCREDIBLE steak. sides. cocktails. and wine. They¡¯re also a butcher shop!, 2
[Ristorante Machiavelli ](https://www.ristorantemachiavelli.com/) on Capitol Hill. Been my favorite restaurant in Seattle since 1998. Fettuccine Carbonara. Veal Milanese. Eggplant Parmigiana. Linguini Vongole. handmade Gnocchi¡­ their pesto pizza is my son¡¯s favorite. Even their mixed green salad (with beets!) is great - I always add Gorgonzola & white Spanish anchovies to it. Great people own it. work it. cook it. I love it., 2
TNT taqueria, 2
Dreamland in Fremont has the best brunch since Skillet. Firehouse. and Portage Bay Cafe and is easily better than all 3 combined., 2
Bangrak Market, 2
Mashiko sustainable sushi and their periwinkle snails , 2
Il Terrazzo Carmine, 1
 Bitterroot BBQ, 1
Bar (for food and drink. also it's a great joint): Twilight Exit BBQ: Jack's BBQ Seafood(oysters. fried fish. some other stuff): White Swan (also great outdoor seating)  "Sit down": Palace Kitchen (...it still that good in my opinion. but so many others are as well).  Mentions: Aviv. The Shop Agora (easy to miss). Le Pichet. Maximilien. Tai Tung. Moonlight Cafe (good vegan Vietnamese-Chinese. also serves meat) ... I may add more as it comes to mind, 0
Bizarro!!!, 3
Olympia Pizza & Spaghetti House, 1
Vinason Pho.  https://www.vinason.net, 3
Ono poke, 2
Caf¨¦ nervosa, 1
Teriyaki madness, 1
Bankgrak Market!, 2
Tolouse Petit!, -24
I been on a Bongo¡¯s wave as of late, -3
Space needle, -5
Pestle Rock, -2
Marination Ma Kai, -8
Fogon in capitol hill, -2
Ma'ono Fried Chicken, -5
Un Bien, -21
Brouwers in Fremont, -3
The Honey Hole on Capitol Hill., -3
Seattle metropolitan grill, -4
Jack in the Box on North Aurora¡­.fascinating scenery , -1
Ray's Cafe, -3
I¡¯ll start: The Pink Door (might get hella downvoted tho), -57
The Maple, 1
Arum woo shyb, 1
Altstadt, 1
byrek baguette by seattle u, 1
NorthStar in Greenwood has the best pancake I¡¯ve ever had, 1
Kai Sushi in Everett, 1
Seattle Fish Guys, 1
McDonald's on 3rd and pine by far, -1
Umi Sake House, -1
Joule, -5
Elliot¡¯s, -5
This thread is full of great food ideas. I'll add Un Bien in Ballard and its cousin Paseo. Some of the best sandwiches anywhere in the country. Also. Seattle has many great sushi places. When I travel to other parts of the country I always miss the sushi options we have here., -2
El Camion, -19
Mkt., 0
Spinasse in Capitol Hill, 0
My favorite before they closed was Feierabend near REI featuring German fare with Seattle flair. That. and Mama¡¯s Mexican Family Restaurant., -7
The pink door!, -10
Bok a Bok enters the chat, -9
8oz I think has to be my favorite joint. They get everything right from the second you open the door every time. Some other places I have to mention are Toulouse Petit for brunch and Issian for Japanese grill and sushi. Thai Tom has my favorite Pad Thai. Rocco¡¯s is Belltown has the best wood fired pizza. Your Friendly Butcher has the best cuts in Ballard. I¡¯ve lived here my whole life so I could keep going. Oh the baby burrito at Gordito¡¯s is compulsory. Alright the lasagna is almost done , -2
Goldfinch Tavern. Momiji at Cap Hill. Ramen Danbo on E Pine. Stanfords at Northgate, -14
The pink door!! Absolutely phenomenal, -7
The Pink Door, -49
I¡¯m really confused with the folks posting 2 or 3 places¡­.clearly they don¡¯t pay attention to instructions. Are people not reading the instructions? Post your Favorite restaurant and everyone will : UPVOTE the places you HAVEN¡¯T TRIED. DOWNVOTE the places you¡¯ve ALREADY TRIED.  This is not a popularity contest on what restaurants people really love but instead figuring out what the hidden gems are., 2
Toshio's Teriyaki. hands down., 1
Chili¡¯s South Indian Cuisine in the U district and Agua Verde Cafe on boat street., 1
metropolitan grill best steak ever, 1
Bongos in Green Lake, 1
Beth¡¯s Cafe, 1
Reckless noodle, 1
Red Mill Burgers, -14
Kizuki ramen and izakaya, -9
Paseo, -53
Toulouse Petit, -7
Toulouse Petit Kitchen & Lounge, -5
13 Coins Restaurant, -26
Not fancy but I really like Matador for mexican., -9
Paseo has the best sandwiches I have ever hand., -7
Un bien, -3
Toulouse Petit Kitchen & Lounge, -9
Bongos cafe, -2
5 Point Cafe, -7
Terra Plata, 0
Bizzarro Italian Cafe is so effing good!, 0
Beth's Cafe a must while visiting, -12
Not really a social experiment when it¡¯s really just 1 question to gather data, -4
Panda Express, -34
Wild ginger, -11
Gainsbourg, -1
California Burrito. Des Moines, 1
Big Boys Kainan. Kent, 1
Muto Izakaya. Lynnwood, 1
Looking for Chai. Edmonds/Bellevue, 1
Ten Sushi. Seattle Center/International District/Factoria, 1
The Chicken Supply - Literally my new favorite chicken place in the city. Sells out super fast though. so I'm not entirely sure it's a good idea that I share this..., 1
As someone who doesn't live there and only drives up for Mariner games. I don't know 95% of the places listed. but they all sound great.   This is a great idea.  Thanks for all who share(d) info., 1
Breezy Town Pizza! , 1
Mikes noodle house in Chinatown or facing east in Bellevue, 1
Honey Court in the ID, 1
IndiaGate in Eastgate, 1
Galanga Thai in Tacoma, 1
Menya musashi, 1
restaurant owners coming here and just low key promoting their biz, 1
off alley, 1
Pomodoro in Eastlake, 1
Greenbridge cafe., 1
The Fish Box in Central District, 1
Kaffa Ethiopian in Ranier Valley is the best in Seattle. Especially the Alicha Misir. green lentils., 1
Ramen Danbo in Cap Hill, 1
Taylor shellfish LQA. Pioneer Square ¡ª I also recommend taking the Chuckanut drive to their oyster farm in Samish Bay! It was so lovely, 1
Karaage Setsuna in Belltown, 1
Shiki in LQA, 1
So I haven't been but my uncle and I drove past a spot called Biscuit Bitch. Any business whose name can't be spoken without using profanity gets mega brownie points., 1
Morfire hot pot is by far my fave hot pot place!, 1
Paseo, 1
Maximilien Restaurant in Pike Place Market - best French onion soup you¡¯ll ever have!, 1
Butchers table and it¡¯s not even close., 1
Yalla, 1
Hooligans in Fremont. Best shrimp and grits I've ever had., 1
If you like pho. I recommend pho 4 u in downtown. Still probably my favorite broth and they are not scared to add meat or noodles. definitely the best for your money in my opinion., 1
Cactus, -27
Not really Seattle but Anthony¡¯s in Burien. One in Bellevue too., -3
Beth¡¯s Cafe, -2
Joule, -4
Hokkaido Ramen Santouka, -5
Elliott¡¯s Oyster House. Amazing happy hour., -3
Taste of India, -5
Whichever restaurant isn't in Seattle., -11
McDonald¡¯s, -14
Have you guys heard of a burger place called Dicks?, -15
Taco time, -7
Pink Door, -3
Dick¡¯s, -2
I can¡¯t remember the name but it was a taco place on the river near UW, -1
Buddha Ruksa. If you search for ¡®west Seattle crack chicken¡¯ the restaurant is the first search result. When someone first told me. I didn¡¯t believe them. so I googled it. Ps: crispy garlic chicken. All other dishes are ok. but that one is great., 0
